GA,10
GA,11
GA,12
GA,13
GA,14
GA,2
GA,3
GA,4
GA,5
GA,6
GA,7
GA,8
GA,9
HI,1
HI,2
IA,1
IA,3
IA,4
ID,1
ID,2
IL,10
IL,11
IL,12
IL,13
IL,14
IL,17
IL,18
IL,3
IL,4
IL,5
IL,6
IL,7
IL,8
IN,1
IN,2
IN,3
IN,4
IN,6
IN,7
IN,9
KS,1
KS,2
KS,3
KS,4
KY,1
KY,3
KY,4
KY,5
KY,6
LA,2
LA,3
LA,4
LA,5
LA,6
MA,1
MA,2
MA,3
MA,5
MA,6
MA,7
MA,8
MA,9
MD,1
MD,2
MD,4
MD,5
MD,6
MD,7
MD,8
ME,1
ME,2
MI,1
MI,10
MI,11
MI,13
MI,14
MI,2
MI,3
MI,4
MI,5
MI,8
MI,9
MN,1
MN,2
MN,3
MN,4
MN,5
MN,6
MN,7
MN,8
MO,1
MO,2
MO,3
MO,4
MO,5
MO,6
MO,8
MS,1
MS,2
MS,3
MS,4
NC,10
NC,11
NC,12
NC,13
NC,2
NC,3
NC,4
NC,5
NC,6
NC,7
NC,9
NE,1
NE,2
NE,3
